system,lang,cometkiwi,n_strings
google_translate,de,0.7893200221329076,10228
google_translate,fr,0.7812219704117074,10228
google_translate,zh,0.7777856221662213,10228
google_translate,es,0.7912179881274863,10228
google_translate,ja,0.8114140757771502,10228
google_translate,hi,0.8045074721163822,10228
google_translate,ar,0.760711761549156,10228
google_translate,bn,0.8170067149946174,10228
google_translate,mr,0.7829387663664369,10228
google_translate,pa,0.8073854815297915,10228
google_translate,ta,0.8037210617084777,10228
google_translate,te,0.8001120504214748,10228
microsoft_translator,de,0.7807192951644777,10228
microsoft_translator,fr,0.7775499713889407,10228
microsoft_translator,zh,0.772420847149603,10228
microsoft_translator,es,0.7867416713268766,10228
microsoft_translator,ja,0.8044640367408492,10228
microsoft_translator,hi,0.7987591171514069,10228
microsoft_translator,ar,0.7566361534971953,10228
microsoft_translator,bn,0.8152930842079499,10228
microsoft_translator,mr,0.7794632269102333,10228
microsoft_translator,pa,0.8080412917477244,10228
microsoft_translator,ta,0.7986973868329682,10228
microsoft_translator,te,0.794747329036216,10228
nllb200,de,0.777472835609607,10228
nllb200,fr,0.7767997349746814,10228
nllb200,zh,0.7408397955660434,10228
nllb200,es,0.7796206642779979,10228
nllb200,ja,0.7934963048483461,10228
nllb200,hi,0.8055718691846939,10228
nllb200,ar,0.7532071865859048,10228
nllb200,bn,0.8148409911738413,10228
nllb200,mr,0.7804183997344961,10228
nllb200,pa,0.8001851861364775,10228
nllb200,ta,0.7915573282532269,10228
nllb200,te,0.7863434812678319,10228
indictrans2,hi,0.8090644418715405,10228
indictrans2,bn,0.8184729133895425,10228
indictrans2,mr,0.7735888144328439,10228
indictrans2,pa,0.8021417899253221,10228
indictrans2,ta,0.7932480320066365,10228
indictrans2,te,0.7906301995512793,10228
madlad400,de,0.7537860982775642,10228
madlad400,fr,0.7671520521672712,10228
madlad400,zh,0.7650085243487152,10228
madlad400,es,0.7807597596552347,10228
madlad400,ja,0.7959872434235523,10228
madlad400,hi,0.7957130810584601,10228
madlad400,ar,0.7494123596428519,10228
madlad400,bn,0.7940149803237613,10228
madlad400,mr,0.7487324057325377,10228
madlad400,pa,0.776493245851588,10228
madlad400,ta,0.7660566051525206,10228
madlad400,te,0.7497958776089051,10228
