Line_Number,Source_EN,Google_Ref_HI,IndicTrans2_Hyp_HI,COMET_Score
1,Recursion limit:,पुनरावृति सीमा:,पुनरावृत्ति सीमाः,0.9291
25,Capitals:,राजधानियाँ:,राजधानियाँः,1.2799
70,Border:,सीमा:,सीमाः,1.1165
106,Nickname:,उपनाम:,उपनामः,1.2950
108,Uncategorized,अवर्गीकृत,वर्गीकृत नहीं,1.0701
110,Users,उपयोगकर्ताओं,उपयोगकर्ता,1.2987
118,Edje File:,एडजे फ़ाइल:,एड्ज फ़ाइलः,1.0998
151,Sent date:,भेजने का दिनांक:,भेजे जाने की तारीखः,1.2038
158,Image:,छवि:,छविः,1.1741
167,Channel %1,चैनल %1,चैनल% 1,1.2872
188,What,क्या,क्या?,1.2775
191,Ports,बंदरगाहों,बंदरगाह,1.2754
205,Phone Number:,फ़ोन नंबर:,फोन नंबरः,1.2927
208,Screen shot,स्क्रीनशॉट,स्क्रीन शॉट,1.3190
224,Observing List...,अवलोकन सूची...,सूची का अवलोकन...,1.2862
232,Host/ User,मेज़बान/उपयोगकर्ता,मेजबान/उपयोगकर्ता,1.3233
239,& Size:,& आकार:,आकारः,0.8700
275,Pixmap:,पिक्समैप:,पिक्समैपः,1.1737
287,Verification:,सत्यापन:,सत्यापनः,1.0136
302,Nationalities,राष्ट्रीयताओं,राष्ट्रीयताएँ,1.3137
316,Generalization,सामान्यकरण,सामान्यीकरण,1.2647
328,Adding Applets,ऐपलेट जोड़ना,एप्पलट्स जोड़ें,0.9613
335,Instructions:,निर्देश:,निर्देशः,1.0211
354,Australia/ Broken_Hill,ऑस्ट्रेलिया/ ब्रोकन_हिल,ऑस्ट्रेलिया/ब्रोकन हिल,1.1954
368,Asia/ Kuching,एशिया/ कुचिंग,एशिया/कुचिंग,1.3184
393,%1 Transfers.,1% स्थानांतरण।,% 1 स्थानान्तरण।,1.0388
395,Interpolate:,इंटरपोलेट:,इंटरपोलेटः,1.2030
405,Statistics,आंकड़े,आँकड़े,1.3154
432,Identity:,पहचान:,पहचानः,0.9087
441,Comments: %1,टिप्पणियाँ: %1,टिप्पणीः% 1,1.1895
445,Buy,खरीदना,खरीदें।,1.2839
450,Strokes:,स्ट्रोक:,स्ट्रोकः,1.0976
452,&File,&फ़ाइल,& फ़ाइल,1.2526
499,Neighbors:,पड़ोसी:,पड़ोसीः,0.9826
506,Cross-stitch,क्रॉस सिलाई,क्रॉस-सिलाई,1.3059
507,Jpeg-Image,जेपीईजी छवि,जे. पी. ई. जी.-छवि,0.8706
529,Year:,वर्ष:,वर्षः,1.1929
538,Script-based,स्क्रिप्ट आधारित,स्क्रिप्ट-आधारित,1.1753
566,Light red,हलका लाल,हल्का लाल।,1.2177
609,Graph,ग्राफ़,ग्राफ,1.0756
616,user: %1,उपयोगकर्ता: %1,उपयोगः% 1,1.0644
625,Equations:,समीकरण:,समीकरणः,1.1821
631,Mrs.,श्रीमती।,श्रीमती.,1.3204
653,Second:,दूसरा:,दूसराः,1.1244
686,Warning:,चेतावनी:,चेतावनीः,1.1582
697,Authenticated,प्रमाणीकृत,प्रमाणित,1.2488
703,Base computation:,आधारभूत गणना:,आधार गणनाः,0.9278
706,Feather,पंख,पंख।,1.2598
708,Pipes,पाइप्स,पाइपें,1.0332
735,Bricks,ईंटों,ईंटें,1.3146
741,OpenPGP-Sign...,ओपनपीजीपी-साइन...,ओपन-पीजीपी-साइन...,1.3134
752,User-Agent,उपयोगकर्ता एजेंट,उपयोगकर्ता-एजेंट,1.3060
762,Received: %1,प्राप्त: %1,प्राप्त कियाः% 1,1.1877
794,rectMeanKineticEnergyVariance,रेक्टमीनकाइनेटिकएनर्जीवेरिएंस,रेक्टमीनकाइनेटिक एनर्जी वैरियंस,1.1708
795,South-East,दक्षिण पूर्व,दक्षिण-पूर्व,1.1925
801,Joliet Settings,जोलिएट सेटिंग्स,जोलियट सेटिंग,1.1971
830,Action Date,कार्यवाही तिथि,कार्रवाई की तारीख,1.1273
843,Where,कहाँ,कहाँ?,1.2659
853,South-Korea,दक्षिण कोरिया,दक्षिण-कोरिया,0.9569
862,Unmounting,अनमाउंट,अनमाउंटिंग,1.1698
870,Start position:,प्रारंभिक स्थिति:,प्रारंभ स्थितिः,0.8783
891,Phone costs:,फ़ोन के खर्च:,फोन की लागतः,1.1349
902,Songwriter:,गीतकार:,गीतकारः,0.8658
911,New%1,नया%1,नया% 1,1.3055
912,Filename: %1,फ़ाइलनाम: %1,फ़ाइलनामः% 1,1.2979
928,Compression:,संपीड़न:,संपीड़नः,1.1375
940,Exposure mode:,एक्सपोज़र मोड:,एक्सपोजर मोडः,1.2203
941,Function Profile,फ़ंक्शन प्रोफ़ाइल,फंक्शन प्रोफाइल,1.2955
968,Pacific/ Fakaofo,प्रशांत/ फकाओफो,प्रशांत/फाकाओफो,1.3153
980,Remove project,प्रोजेक्ट हटाएं,परियोजना हटाएँ,1.2806
984,RightImg,राइटइमेज,राइटइम्ग,0.9254
994,Area:,क्षेत्र:,क्षेत्रः,1.0976
1019,choice-add,विकल्प-जोड़ें,विकल्प-जोड़,1.1165
1066,Extinction:,विलुप्ति:,विलुप्त होनाः,0.9078
1070,Spreadsheets,स्प्रेडशीट्स,स्प्रेडशीट,1.2986
1082,Members,सदस्यों,सदस्यगण,1.2050
1097,Sold,बिका हुआ,बिक गया।,1.1904
1099,torqueVariance,टॉर्क भिन्नता,टॉर्क-भिन्नता,1.3159
1111,Transactions,लेनदेन,लेन-देन,1.3155
1124,Brazil/ Acre,ब्राज़ील/ एकड़,ब्राज़ील/एकड़,1.2878
1128,Australia/ Brisbane,ऑस्ट्रेलिया/ब्रिसबेन,ऑस्ट्रेलिया/ब्रिस्बेन,1.2872
1134,Areas,क्षेत्रों,क्षेत्र,0.9328
1143,Older,पुराने,पुराना।,1.0681
1145,Position: %1,स्थिति: %1,स्थितिः% 1,1.2043
1160,Asia/ Ashkhabad,एशिया/ अश्खाबाद,एशिया/अशखाबाद,1.2964
1162,Sell,बेचना,बेचना।,1.3214
1199,Battery:,बैटरी:,बैटरीः,1.2967
1245,Wins,जीत,जीतें।,0.9740
1257,TRUE,सत्य,सच है,1.0408
1280,Database driver:,डेटाबेस ड्राइवर:,डाटाबेस ड्राइवरः,1.2564
1298,Active:,सक्रिय:,सक्रियः,0.9674
1312,Skipped:,छोड़ा गया:,छोड़ दिया गयाः,0.9661
1314,Sublocation:,उपस्थान:,उप-स्थानः,1.2426
1329,Entities,"इकाइयां,",इकाइयाँ,1.3148
1349,Optional:,वैकल्पिक:,वैकल्पिकः,1.2359
1354,Dispersion:,फैलाव:,फैलावः,1.0796
1367,Installed size: %1,स्थापित आकार: %1,संस्थापित आकारः% 1,0.9488
1403,lightyears,प्रकाश वर्ष,प्रकाशवर्ष,1.2734
1415,Town:,शहर:,शहरः,1.0205
1418,Preview opacity:,पूर्वावलोकन अपारदर्शिता:,अपारदर्शिता का पूर्वावलोकनः,1.2525
1431,Shaded,छायांकित,छायांकित।,1.3046
1433,Player%1,खिलाड़ी%1,खिलाड़ी% 1,1.3050
1448,Foreground:,अग्रभूमि:,अग्रभूमिः,1.1914
1457,Publisher:,प्रकाशक:,प्रकाशकः,0.9597
1460,Trust:,विश्वास:,विश्वासः,1.1870
1483,Maldivian Rufiyaa,मालदीवियन रुफिया,मालदीव के रूफिया,1.2162
1492,Mean:,अर्थ:,अर्थः,1.0887
1498,City:,शहर:,शहरः,1.0474
1511,Entity & name:,संस्था एवं नाम:,इकाई और नाम,0.9775
1546,units,इकाइयां,इकाइयाँ,1.3223
1560,& Description:,& विवरण:,विवरणः,0.8521
1561,Black,काला,काला।,1.3234
1587,Fire,आग,आग।,1.2993
1614,Brazil/ West,ब्राज़ील/ पश्चिम,ब्राज़ील/पश्चिम,1.3114
1616,Size,आकार,आकार.,1.2480
1636,Time:,समय:,समयः,0.9947
1649,One-sided,एकतरफ़ा,एकतरफा,1.3221
1662,Meta-Information,मेटा जानकारी,मेटा-सूचना,1.1207
1689,Windmills,पवन चक्कियों,पवनचक्की,1.2913
1691,File types:,फ़ाइल प्रकार:,फाइल प्रकारः,1.1532
1692,FluidBalls,फ्लूइडबॉल्स,फ्लुइडबॉल,1.1494
1717,Best wishes,शुभकामनाएं,बहुत-बहुत शुभ कामनाएँ।,0.8787
1722,Left Edge:,बायां किनारा:,बाएँ किनारेः,1.1883
1750,Surname:,उपनाम:,उपनामः,1.2916
1781,restLength,विश्राम लंबाई,विश्राम-लंबाई,1.2988
1787,Current: %1,वर्तमान: %1,वर्तमानः% 1,1.2744
1816,Uzbek,उज़बेक,उज़्बेक,1.3113
1821,Version:,संस्करण:,संस्करणः,1.1343
1834,Protocols:,प्रोटोकॉल:,प्रोटोकॉलः,1.2988
1863,BasePolygon,बेसपॉलीगॉन,बेसपॉलिगन,1.2886
1877,Desert Theme,रेगिस्तानी थीम,रेगिस्तान विषय,0.8950
1883,Price:,कीमत:,कीमतः,1.2596
1888,Quotes:,उद्धरण:,उद्धरणः,1.1836
1891,SquareDithering,स्क्वायरडिथरिंग,स्क्वायर डाइथरिंग,1.1261
1901,Country:,देश:,देशः,1.0049
1902,Subject: %1,विषय: %1,विषयः% 1,1.2838
1904,Relations:,संबंध:,संबंधः,1.1034
1929,Backup System,बैकअप सिस्टम,बैक-अप प्रणाली,1.2776
1963,JPEG quality %1,जेपीईजी गुणवत्ता %1,जे. पी. ई. जी. गुणवत्ता% 1,0.9192
1977,SortColumnInvisible,सॉर्टकॉलमअदृश्य,सॉर्टकॉलम अदृश्य,1.3254
1979,Phone number:,फ़ोन नंबर:,फोन नंबरः,1.2931
1980,trash:,कचरा:,कचराः,1.2371
1982,Others:,अन्य:,अन्यः,1.0556
1987,CornflowerBlue,कॉर्नफ़्लावरब्लू,कॉर्नफ्लावर ब्लू,1.2112
1992,Transparency:,पारदर्शिता:,पारदर्शिता -,1.3232
2002,Advanced...,विकसित...,उन्नत...,1.0334
2017,System Capabilities,सिस्टम क्षमताएं,प्रणाली क्षमताएँ,1.2843
2054,depthVariance,गहराई भिन्नता,गहराई-भिन्नता,1.3147
2065,places,स्थानों,स्थान,1.1618
2070,BatchProcessImages,बैच प्रक्रिया छवियां,बैचप्रोसेस छवियाँ,1.2512
2071,Host/ User:,मेज़बान/उपयोगकर्ता:,मेजबान/उपयोगकर्ताः,1.3026
2091,& Encoding:,और एन्कोडिंग:,एनकोडिंगः,0.9175
2092,Host:,मेज़बान:,मेजबानः,1.1079
2096,& Identities...,और पहचान...,पहचान और...,1.2694
2099,stiffnessVariance,कठोरता भिन्नता,कठोरता-भिन्नता,1.2783
2104,& Nickname:,और उपनाम:,उपनामः,1.1702
2122,Configuration:,विन्यास:,विन्यासः,0.8513
2131,Logon path:,लॉगऑन पथ:,लॉगइन पथः,1.0840
2135,Forwarded: %1,अग्रेषित: %1,अग्रेषित किया गयाः% 1,0.8732
2145,Scrollback,स्क्रॉल बैक,स्क्रॉलबैक,1.2997
2159,approximately %1,लगभग %1,लगभग% 1,1.2679
2166,The Project Menu,प्रोजेक्ट मेनू,परियोजना मेन्यू,0.8604
2169,PhoneBook,फोन बुक,फोनबुक,1.1960
2191,Progress:,प्रगति:,प्रगतिः,1.1135
2208,Markers,मार्करों,मार्कर,0.8865
2212,Versions,संस्करणों,संस्करण,1.0621
2251,Canvas color:,कैनवास का रंग:,कैनवस रंगः,1.0081
2270,Length: %1,लंबाई: %1,लंबाईः% 1,1.1287
2280,Replied,उत्तर दिया,जवाब दिया।,1.1997
2285,Above:,ऊपर:,ऊपरः,0.9042
2288,Location: %1,स्थान: %1,स्थानः% 1,1.2419
2296,Frequency: %1,आवृत्ति: %1,आवृत्तिः% 1,1.1826
2309,Capacity: %1,क्षमता: %1,क्षमताः% 1,1.1877
2322,show,दिखाओ,दिखाएँ,0.9901
2328,& Visibility:,और दृश्यता:,दृश्यताः,1.2329
2330,Rate:,दर:,दरः,1.1156
2337,New:,नया:,नयाः,1.2192
2345,Ships,जहाज,जहाज़,1.1686
2382,Life time,जीवनभर,जीवनकाल,0.9209
2390,Rotation:,घूर्णन:,घूर्णनः,1.2846
2391,Bridges,पुलों,पुलियाँ,1.1148
2399,Asia/ Manila,एशिया/ मनीला,एशिया/मनीला,1.3132
2415,Free/ busy,खाली/ व्यस्त,खाली/व्यस्त,1.0092
2431,Ratings,रेटिंग,रेटिंग्स,1.2884
2439,Resource:,संसाधन:,संसाधनः,1.1081
2454,< Generic >,<जेनेरिक>,<सामान्य>,0.8646
2466,Dependencies:,निर्भरताएँ:,निर्भरताएँः,1.2551
2470,Forest,जंगल,जंगल।,1.2859
2473,Purchase,खरीदना,खरीदारी करें।,0.9005
2474,interface skin,इंटरफ़ेस स्किन,इंटरफेस त्वचा,0.8682
2483,Current,मौजूदा,वर्तमान,0.9859
2495,Details for: %1,विवरण: %1,विवरणः% 1,1.2560
2498,Phonebook,फोन बुक,फोनबुक,1.1907
2520,Environment:,पर्यावरण:,पर्यावरणः,1.0301
2555,Australia/ West,ऑस्ट्रेलिया/ पश्चिम,ऑस्ट्रेलिया/पश्चिम,1.2709
2577,LightSlateGrey,लाइटस्लेटग्रे,लाइटसलेटग्रे,1.2847
2580,Tool:,औजार:,औजारः,1.2180
2587,unitsY,इकाइयाँY,इकाइयाँ Y,1.3026
2599,Spread Sheet,स्प्रेडशीट,स्प्रेड शीट,1.0728
2645,Gallery:,गैलरी:,गैलरीः,1.2507
2657,Signal:,संकेत:,संकेतः,1.1257
2698,Specified:,निर्दिष्ट:,निर्दिष्टः,1.1035
2717,Stock%1,स्टॉक%1,स्टॉक% 1,1.3157
2725,New,नया,नया।,1.3061
2745,busy,व्यस्त,व्यस्तता,0.9889
2758,Sensitivity:,संवेदनशीलता:,संवेदनशीलता,1.3055
2776,Responsible:,जिम्मेदार:,जिम्मेदारः,1.1151
2779,Ultimately,अंत में,अंततः,1.1955
2806,Delay:,देरी:,देरीः,1.2723
2811,House,घर,घर।,1.2986
2814,Movement:,आंदोलन:,आंदोलनः,1.1266
2827,Option:,विकल्प:,विकल्पः,1.1602
2861,Software Updates,सॉफ़्टवेयर अपडेट,सॉफ्टवेयर अद्यतन,1.2355
2874,tiles,टाइलें,टाइल्स,1.2602
2897,Service/ File:,सेवा/ फ़ाइल:,सेवा/फ़ाइलः,1.3119
2917,Capacity:,क्षमता:,क्षमताः,0.8601
2936,Glossary:,शब्दावली:,शब्दावलीः,1.2651
2945,atmospheres,वायुमंडल,वायुमण्डल,1.2496
2946,conditional-head2,सशर्त-शीर्ष2,सशर्त-सिर2,1.2429
2951,Breakpoints,ब्रेकपॉइंट्स,ब्रेक प्वाइंट,1.0442
2980,Again,दोबारा,एक बार फिर,1.0847
3026,Line/ Curve,रेखा/ वक्र,रेखा/वक्र,1.3067
3037,Group:,समूह:,समूहः,1.0218
3038,Read,पढ़ना,पढ़िए।,0.9943
3091,Dimensions: %1x%2,आयाम: %1x%2,आयामः% 1x% 2,1.2456
3098,Statistics:,आंकड़े:,आंकड़ेः,1.3125
3120,Bluish,नीला सा,नीला।,1.1438
3123,Exercise:,व्यायाम:,व्यायामः,1.0638
3132,Properties:,गुण:,गुणः,0.9184
3135,Rating: %1,रेटिंग: %1,मूल्यांकनः% 1,0.9881
3136,Question - Cantor,प्रश्न - कैंटर,प्रश्न-कैंटर,1.2686
3151,Playlist:,प्लेलिस्ट:,प्लेलिस्टः,1.2633
3198,lines,पंक्तियां,पंक्तियाँ,1.3095
3200,%1 start failed.,%1 प्रारंभ विफल।,% 1 आरंभ विफल रहा।,1.2552
3252,& Projection:,और प्रक्षेपण:,प्रक्षेपणः,1.2236
3279,Netherlands,नीदरलैंड,नीदरलैंड्स,1.1935
3290,Owner: %1,स्वामी: %1,मालिकः% 1,1.1189
3291,DodgerBlue1,डॉजरब्लू1,डोजरब्लू1,1.2839
3296,Subjects,विषयों,विषय,1.2031
3320,Rupiah,रुपिया,रुपियाह,1.2571
3322,Subject:,विषय:,विषयः,1.2621
3325,Ready,तैयार,तैयार।,1.2795
3338,Picture,चित्र,तस्वीर,0.9731
3345,User:,उपयोगकर्ता:,उपयोगकर्ताः,1.2833
3364,Non-Proportional,गैर आनुपातिक,गैर-आनुपातिक,1.3231
3388,Groups:,समूह:,समूहः,0.9720
3389,lightyear,प्रकाश वर्ष,प्रकाशवर्ष,1.2781
3390,%1 (capture),%1 (कैप्चर),% 1 (कैपचर),1.2825
3417,& Driver:,और ड्राइवर:,& ड्राइवरः,0.9043
3438,Deleted,हटाए गए,हटा दिया गया।,1.0833
3462,Frequency:,आवृत्ति:,आवृत्तिः,1.1278
3469,& Norwegian,और नॉर्वेजियन,& नार्वेजियन,1.1550
3512,Delete all,सभी हटा दो,सब हटाएँ,1.2283
3548,current,मौजूदा,वर्तमान,0.9859
3556,Alignment:,संरेखण:,संरेखणः,1.2088
3566,Astrocalculator,एस्ट्रोकैलकुलेटर,एस्ट्रोकैलक्यूलेटर,1.3258
3579,Action:,कार्रवाई:,कार्रवाईः,1.0527
3584,License:,लाइसेंस:,लाइसेंसः,0.9857
3592,Fuzziness:,अस्पष्टता:,अस्पष्टताः,1.3094
3600,& User:,और उपयोगकर्ता:,उपयोगकर्ताः,1.1462
3617,Average:,औसत:,औसत हैः,0.9076
3620,Spikes:,स्पाइक्स:,स्पाइक्सः,1.2479
3640,64th,64 वें,64वां,0.9967
3642,Members:,सदस्य:,सदस्यः,1.1456
3661,LocalDomainFilter,लोकलडोमेनफ़िल्टर,स्थानीय डोमेन फ़िल्टर,0.9032
3662,RosyBrown2,रोजीब्राउन2,रोजी ब्राउन2,1.2391
3678,Filename:,फ़ाइल नाम:,फाइल का नाम हैः,1.2152
3691,logout,लॉग आउट,लॉगआउट करें,1.1281
3722,Brazil/ DeNoronha,ब्राज़ील/ डीनोरोन्हा,ब्राजील/डीनोरोन्हा,1.3130
3725,Terminal-based,टर्मिनल आधारित,टर्मिनल-आधारित,0.9766
3750,Plugins,प्लग-इन,प्लगइन,1.2854
3782,Vibraphone,वाइब्रफ़ोन,वाइब्रफोन,1.2369
3784,Far Blur,दूर का धुंधलापन,सुदूर धुंधला,1.2055
3789,Profile path:,प्रोफ़ाइल पथ:,प्रोफाइल पथः,1.2011
3814,Quality:,गुणवत्ता:,गुणवत्ताः,1.2273
3820,position2Variance,स्थिति2 भिन्नता,स्थिति2-भिन्नता,1.2920
3847,Ready.,तैयार।,तैयार हो।,1.1385
3854,Popup,पॉप अप,पॉपअप,1.2091
3856,image %1,छवि %1,छवि% 1,1.3139
3863,Grandfather,दादाजी,दादा जी।,1.2829
3869,Pictures directory:,चित्रों की निर्देशिका:,चित्र निर्देशिकाः,1.2757
3890,& Numbers:,और संख्याएँ:,& संख्याएँः,1.1127
3917,finish,खत्म करना,समाप्त करें,0.8941
3927,Content:,सामग्री:,सामग्रीः,1.1798
3960,Organizational unit:,संगठित इकाई:,संगठनात्मक इकाईः,0.8578
3973,Tolerance,सहनशीलता,सहिष्णुता,0.9267
3981,time(s),समय(ओं),समय (ओं),1.2772
3999,Lists,सूचियों,सूचियाँ,1.3105
4008,Places,स्थानों,स्थान,1.1399
4010,Production: %1,उत्पादन: %1,उत्पादनः% 1,1.2896
4013,Arabia,अरब,अरबिया,0.9789
4044,Total:,कुल:,कुलः,0.9008
4047,Difficulty:,कठिनाई:,कठिनाईः,1.2571
4094,Phone details,फ़ोन विवरण,फोन की जानकारी,1.0778
4098,Australia/ Victoria,ऑस्ट्रेलिया/ विक्टोरिया,ऑस्ट्रेलिया/विक्टोरिया,1.3087
4106,< Unknown >,< अज्ञात >,<अज्ञात>,1.2839
4132,Modified.,संशोधित।,संशोधित किया गया।,1.0670
4139,Activate time:,सक्रियण समय:,सक्रिय समयः,1.0848
4158,Statistics...,सांख्यिकी...,आंकड़े...,1.1564
4162,Paper format:,कागजी प्रारूप:,कागज का प्रारूपः,1.2713
4206,Australia/ Melbourne,ऑस्ट्रेलिया/ मेलबर्न,ऑस्ट्रेलिया/मेलबर्न,1.2306
4208,ships,जहाज,जहाज़,1.1668
4219,IO-Ports,आईओ-बंदरगाहों,आई. ओ.-बंदरगाह,1.2415
4222,(Black %1),(काला %1),(काला% 1),1.3177
4227,Player3,खिलाड़ी3,खिलाड़ी 3,1.3087
4239,Permissions:,अनुमतियाँ:,अनुमतियाँः,1.2421
4248,IRC channels:,आईआरसी चैनल:,आई. आर. सी. चैनलः,0.9052
4260,Information:,जानकारी:,जानकारीः,1.2423
4290,miles,मील,मीलों,1.1720
4295,Music:,संगीत:,संगीतः,0.9166
4312,Profile:,प्रोफ़ाइल:,प्रोफाइलः,1.2612
4315,Remove Record,रिकॉर्ड हटाएं,अभिलेख हटाएँ,0.9978
4317,RosyBrown1,रोजीब्राउन1,रोजी ब्राउन1,1.2293
4322,Job Billing:,जॉब बिलिंग:,नौकरी के बिलिंगः,0.8714
4340,Motorway,मोटरवे,मोटर मार्ग,1.1790
4348,Sundanese,सुंडानी,सुंदानीज़,0.9764
4368,Make backups,बैकअप बना लें,बैक-अप बनाएँ,1.3091
4383,History,इतिहास,इतिहास.,1.3087
4384,Soft,कोमल,कोमल।,1.3184
4401,ImagePlugin_Perspective,इमेजप्लगिन_परिप्रेक्ष्य,छवि-प्लगइन परिप्रेक्ष्य (_ P),0.8557
4408,Prefix:,उपसर्ग:,उपसर्गः,1.1072
4409,Sessions,सत्रों,सत्र,1.0831
4474,Destination:,गंतव्य:,गंतव्यः,1.1706
4536,The Plugins Menu,प्लगइन मेनू,प्लगइन्स मेन्यू,1.2149
4538,Relief:,राहत:,राहत की बातः,1.2125
4552,Lithuanian,लिथुआनियाई,लिथुआनिया,1.3020
4562,Animation:,एनिमेशन:,एनिमेशनः,1.2096
4567,reason:,कारण:,कारणः,1.2410
4571,Adjustment:,समायोजन:,समायोजनः,0.9344
4582,SandyBrown,सैंडीब्राउन,सैंडी ब्राउन,0.9202
4587,Procmail lockfile:,प्रोकमेल लॉकफ़ाइल:,प्रॉकमेल लॉकफ़ाइलः,1.2518
4588,Fireworkx,फायरवर्कएक्स,फायरवर्क,0.9460
4632,Self,खुद,स्वयं,1.1039
4650,Acquiring & quantaplus;,अधिग्रहण एवं क्वांटाप्लस;,क्वांटाप्लस प्राप्त करना;,0.9108
4659,Answer:,उत्तर:,जवाबः,1.0162
4692,Open invitations: %1,खुले निमंत्रण: %1,खुला निमंत्रणः% 1,1.1933
4718,Phone Numbers,दूरभाष संख्या,फोन नंबर,0.8582
4721,Kashubian,काशुबियन,कशूबियन,1.3038
4725,File Transfer,दस्तावेज हस्तांतरण,फाइल स्थानांतरण,0.8637
4726,Overbooking,अतिबुकिंग,ओवरबुकिंग,1.1374
4727,Class printers:,कक्षा प्रिंटर:,क्लास प्रिंटरः,0.8870
4763,K3b??? Encoder,K3b??? एनकोडर,के3बी?? एन्कोडर,1.1591
4781,Reading,पढ़ना,पढ़ना।,1.3103
4788,Delete %1,%1 हटाएं,हटाएँ% 1,1.2333
4808,Project Templates,प्रोजेक्ट टेम्पलेट्स,परियोजना टेम्पलेट,1.1367
4829,Dictionary:,शब्दकोष:,शब्दकोशः,1.1601
4832,Office:,कार्यालय:,कार्यालयः,0.9748
4834,Comment: %1,टिप्पणी: %1,टिप्पणीः% 1,1.2790
4848,Quit?,छोड़ना?,छोड़ दो?,1.2097
4852,Languages:,भाषाएँ:,भाषाएँः,1.2726
4883,--- separator ---,--- विभाजक ---,----विभाजक---- -,1.2693
4905,Expression:,अभिव्यक्ति:,अभिव्यक्तिः,1.1840
4906,purple3,बैंगनी3,बैंगनी 3,1.3074
4912,Yellows,पीली,पीला,1.3023
4924,Archives:,अभिलेखागार:,अभिलेखागारः,1.2725
4933,height,ऊंचाई,ऊँचाई,1.0621
4941,Recalculation,पुनर्गणना,पुनः गणना,0.9886
4949,Target:,लक्ष्य:,लक्ष्यः,1.2731
4979,Turbulence:,अशांति:,अशांतिः,1.2478
4989,The Canvas Menu,कैनवास मेनू,कैनवस मेन्यू,0.9020
5006,< Custom >,< कस्टम >,<कस्टम>,1.3131
5017,Strength:,ताकत:,ताकतः,1.0083
5027,& Greeting:,& अभिवादन:,अभिवादनः,0.9964
5033,Miles,मील,मीलों,1.0816
5037,Sprites,स्प्राइट,स्प्रिट्स,0.8961
5042,transactions,लेनदेन,लेन-देन,1.3140
5051,Comment:,टिप्पणी:,टिप्पणीः,1.1826
5052,Philippines,फिलिपींस,फिलीपींस,1.2736
5053,Feature,विशेषता,विशेषताएँ,1.2540
5064,blue3,नीला3,नीला 3,1.3224
5083,Runtime: %1ms,रनटाइम: %1ms,रनटाइमः% 1ms,1.1766
5128,battleship,युद्ध पोत,युद्धपोत,1.2298
5129,SVG Images,एसवीजी छवियां,एस. वी. जी. छवियाँ,1.2295
5141,Size Canvas...,कैनवास का आकार...,आकार कैनवास...,0.9515
5145,Channel:,चैनल:,चैनलः,1.0868
5153,Dvorak Spanish,ड्वोरक स्पैनिश,ड्वोराक स्पेनिश,0.8806
5165,Currencies,मुद्राओं,मुद्राएँ,1.2734
5186,Duration: %1,अवधि: %1,अवधिः% 1,1.2121
5196,& Rotation:,और घूर्णन:,घूर्णन औरः,1.1592
5213,Advanced > >,उन्नत > >,उन्नत>>,1.0726
5255,blue4,नीला4,नीला 4,1.3195
5268,Kyrgyzstan,किर्गिज़स्तान,किर्गिस्तान,1.1375
5285,Meaning,अर्थ,अर्थ।,1.2033
5294,< < Files,< < फ़ाइलें,<<फ़ाइलें,1.3129
5296,Mr.,श्री।,श्री.,1.3198
5316,Formula Settings,फ़ॉर्मूला सेटिंग्स,फॉर्मूला सेटिंग,0.8993
5339,Orientation:,अभिविन्यास:,अभिविन्यासः,1.2332
5347,Comparative:,तुलनात्मक:,तुलनात्मकः,1.1841
5378,Postfix:,पोस्टफिक्स:,पोस्टफिक्सः,1.2427
5381,Interface Designer,इंटरफ़ेस डिज़ाइनर,इंटरफेस डिजाइनर,1.1291
5388,SlideShow,स्लाइड शो,स्लाइडशो,1.1185
5389,Temperature: %1,तापमान: %1,तापमानः% 1,1.2972
5402,Australia/ Yancowinna,ऑस्ट्रेलिया/ यानकोविना,ऑस्ट्रेलिया/यांकोविना,1.2656
5424,Exif date-time,एक्सिफ दिनांक-समय,एक्जिफ तिथि-समय,1.2301
5440,Color:,रंग:,रंगः,1.1279
5452,Brightness/ Contrast/ Gamma,चमक/ कंट्रास्ट/ गामा,चमक/कंट्रास्ट/गामा,1.3190
5482,Similarity:,समानता:,समानताएँः,1.0055
5489,Deviation:,विचलन:,विचलनः,1.1374
5493,Old,पुराना,पुराना।,1.3047
5527,Tiles,टाइलें,टाइल्स,1.2640
5559,ipsec-tools (racoon),आईपीसेक-टूल्स (रैकून),आईपीएसईसी-उपकरण (रेकून),0.9461
5592,attachment. %1,संलग्नक. %1,संलग्नक.% 1,1.3169
5597,Freezing,जमना,जमना।,1.3037
5611,Created: %1,निर्मित: %1,बनाया गयाः% 1,0.8703
5627,Previews:,पूर्वावलोकन:,पूर्वावलोकनः,1.3190
5648,Balance Sheet,तुलन पत्र,तुलनपत्र,1.2976
5661,total:,कुल:,कुलः,0.8696
5665,Up:,ऊपर:,ऊपरः,0.8920
5673,Delete A,A हटाएं,ए हटाएँ,1.1709
5694,Create,बनाएं,बनाएँ,1.2027
5730,Spookiness,डरावनापन,डरावनापन।,1.3275
5731,& Suffix:,और प्रत्यय:,& प्रत्यय ():,1.1078
5767,World,दुनिया,संसार,0.9944
5769,Netmasks:,नेटमास्क:,नेटमास्कः,1.2820
5780,Payee%1,भुगतान प्राप्तकर्ता%1,भुगतानकर्ता% 1,1.2727
5791,Print.,प्रिंट।,प्रिंट करें।,1.1012
5812,Great,महान,शानदार।,1.1105
5814,Artwork,कलाकृति,कलाकृतियाँ,1.2201
5827,Location,जगह,स्थान,1.1420
5868,prices,कीमतों,कीमतें,1.2919
5877,delete( %1),हटाएँ( %1),हटाएँ (% 1),1.3087
5883,Physics,भौतिक विज्ञान,भौतिकी,1.1377
5897,Population:,जनसंख्या:,जनसंख्याः,1.1500
5990,Change,परिवर्तन,बदलाव,1.0415
5991,Intensity:,तीव्रता:,तीव्रता -,1.3238
5999,Left:,बाएं:,बाएँः,1.0246
6004,Manager:,प्रबंधक:,प्रबंधकः,1.0757
6007,Sequence-%1,अनुक्रम-%1,क्रम-% 1,1.0596
6023,North-Korea,उत्तर कोरिया,उत्तर-कोरिया,0.9390
6029,New...,नया...,नए...,1.2791
6064,Proportion:,अनुपात:,अनुपातः,1.2787
6074,Main:,मुख्य:,मुख्यः,1.1532
6075,BIN2OCT(value),BIN2OCT(मान),BIN2OCT (मान),1.3255
6083,Contributors:,योगदानकर्ता:,योगदानकर्ताः,1.2311
6090,Utilities,उपयोगिताओं,उपयोगिताएँ,1.3216
6105,Home,घर,घर।,1.2901
6113,Transit:,पारगमन:,पारगमनः,1.1472
6122,conditional-head1,सशर्त-शीर्ष1,सशर्त-हेड1,1.1950
6127,Dushanbe,दुशानबे,दुशांबे,1.3247
6146,Question:,सवाल:,प्रश्नः,1.0199
6147,Current:,मौजूदा:,वर्तमानः,0.8943
6173,New Institution,नई संस्था,नया संस्थान,1.2115
6176,Exceptions:,अपवाद:,अपवादः,1.2646
6226,Azerbaijani,आज़रबाइजानी,अज़रबैजानी,1.1526
6276,Unencrypted,अनएन्क्रिप्ट,अनएन्क्रिप्टेड,1.2812
6279,Permission:,अनुमति:,अनुमतिः,1.1953
6282,Profile & name:,प्रोफ़ाइल नाम:,प्रोफाइल और नाम,1.2164
6286,Removed: 0/ 0,हटाए गए: 0/ 0,हटा दिया गयाः 0/0,1.1380
6305,DeepSkyBlue3,डीपस्काईब्लू3,डीपस्कीब्लू3,1.3197
6318,Nickname list:,उपनामों की सूची:,उपनाम सूचीः,1.1716
6324,Property:,संपत्ति:,संपत्तिः,0.9678
6328,Interface design,इंटरफ़ेस डिज़ाइन,इंटरफेस डिजाइन,1.1216
6345,Brazil/ East,ब्राज़ील/ पूर्वी,ब्राजील/पूर्व,1.2820
6352,Contributions:,योगदान:,योगदानः,1.0002
6381,Hungarian,हंगेरी,हंगेरियन,0.9908
6389,Learn,सीखना,सीखें।,1.0552
6396,Delete route,रूट हटाएं,मार्ग हटाएँ,1.1608
6398,Priority: %1,प्राथमिकता: %1,प्राथमिकताः% 1,1.2906
6443,ktimetracker,केटाइमट्रैकर,के टाइमट्रैकर,1.2759
6456,Collection: %1,संग्रह: %1,संग्रहः% 1,1.2857
6458,policies,नीतियों,नीतियां,1.2962
6473,X offset,X ऑफ़सेट,एक्स ऑफसेट,1.0933
6481,forces,बलों,बल,0.8896
6494,Access: %1,पहुँच: %1,पहुँचः% 1,1.1554
6496,Neutral:,तटस्थ:,तटस्थः,1.1925
6513,Typing speed:,टाइपिंग गति:,टाइप करने की गतिः,0.9988
6522,Azores,अज़ोरेस,एज़ोरेस,1.2639
6533,Delete Map?,मानचित्र हटाएं?,नक्शा हटाएँ?,1.2674
6552,Numbers:,संख्याएँ:,संख्याएँः,1.2554
6632,Projection:,प्रक्षेपण:,प्रक्षेपणः,1.3072
6641,Pairs,जोड़े,जोड़ियाँ,1.0045
6646,Canada/ Atlantic,कनाडा/ अटलांटिक,कनाडा/अटलांटिक,1.2629
6674,Wavelength:,तरंगदैर्घ्य:,तरंगदैर्घ्यः,1.3028
6688,ask,पूछना,पूछिए,1.1744
6710,Javanese,जावानीस,जावानीज़,1.2973
6711,Heavy,भारी,भारी।,1.2920
6721,Presentation Slides:,प्रस्तुतिकरण स्लाइड्स:,प्रस्तुति स्लाइडः,1.0842
6733,Center:,केंद्र:,केंद्रः,1.1451
6738,soft,कोमल,कोमल।,1.3201
6761,Published: %1,प्रकाशित: %1,प्रकाशितः% 1,1.2998
6786,Grandma,दादी,दादी।,1.3177
6796,Telephone/ Fax:,टेलीफोन/फैक्स:,फोन/फैक्सः,1.2511
6797,timeScale,समय पैमाना,समय-पैमाना,1.0003
6802,Original:,मूल:,मूलः,1.0404
6819,MediumPurple4,मीडियमपर्पल4,मीडियमपरपल4,1.2539
6820,Endless,अंतहीन,अंतहीन।,1.2999
6831,Shared %1,साझा %1,साझा% 1,1.3072
6858,Boron,बोरान,बोरोन,1.2712
6888,Stacker-Separator-Collator,स्टैकर-सेपरेटर-कोलेटर,स्टेकर-सेपरेटर-कोलेटर,1.2706
6900,Example.,उदाहरण।,उदाहरण लें।,1.1250
6907,Do n't Panic,घबड़ाएं नहीं,घबराएँ नहीं।,1.3144
6916,Silver,चाँदी,चांदी,1.1537
6927,Translated,अनुवाद,अनुवादित,1.1046
6931,KTTS - Text-to-Speech,केटीटीएस - टेक्स्ट-टू-स्पीच,केटीटीएस-टेक्स्ट-टू-स्पीच,1.2667
6932,Events: %1,घटनाएँ: %1,घटनाएँः% 1,1.3132
6933,Available:,उपलब्ध:,उपलब्धः,1.1699
6985,Selection: %1,चयन: %1,चयनः% 1,1.1893
6993,Loans,ऋण,कर्ज,0.8654
7013,Changes,परिवर्तन,बदलाव,1.0261
7018,Specials,स्पेशल,विशेष,0.8887
7050,Duplicate Entry,डुप्लीकेट प्रवेश,डुप्लिकेट प्रविष्टि,1.2053
7069,Tagger Delete,टैगर हटाएं,टैग मिटाइए,1.2616
7109,Round:,गोल:,गोलः,1.1141
7131,Rel. Humidity:,सापेक्ष आर्द्रता:,सापेक्ष. आर्द्रताः,1.0664
7150,Post-text:,पोस्ट-टेक्स्ट:,पोस्ट-टेक्स्टः,1.2887
7173,typewriting,टाइपिंग,टाइपराइटिंग,1.0088
7177,Initialization string %1:,आरंभिकरण स्ट्रिंग %1:,आरंभीकरण स्ट्रिंग% 1:,1.2013
7202,"Delete item ""%1""?","आइटम ""%1"" हटाएं?","वस्तु ""% 1"" हटाएँ?",0.9672
7221,File/ Folder,फ़ाइल/फ़ोल्डर,फाइल/फ़ोल्डर,1.2554
7223,Files: %1,फ़ाइलें: %1,फाइलः% 1,0.8805
7236,Certificate:,प्रमाणपत्र:,प्रमाणपत्रः,1.2095
7245,Whirl,चक्कर,चक्कर।,1.3182
7269,Recommended:,अनुशंसित:,अनुशंसित हैः,1.1855
7304,Play:,खेल:,खेलः,0.8811
7332,Size.,आकार।,आकार.,1.3066
7350,& Profile name:,& प्रोफ़ाइल नाम:,प्रोफाइल का नाम और विवरणः,0.8541
7361,High Contrast,हाई कॉन्ट्रास्ट,उच्च कंट्रास्ट,1.3050
7381,vpnclient: %1,वीपीएनक्लाइंट: %1,वीपीएनक्लाइन्टः% 1,1.2115
7401,Words,शब्द,शब्द।,1.2309
7420,Make Project Builder,प्रोजेक्ट बिल्डर बनाएं,परियोजना निर्माता बनाएँ,0.8845
7444,Documentation:,दस्तावेज़ीकरण:,दस्तावेजीकरणः,1.2727
7447,Database file:,डेटाबेस फ़ाइल:,डाटाबेस फाइलः,1.2062
7465,File type:,फ़ाइल प्रकार:,फाइल प्रकारः,1.1435
7499,Company:,कंपनी:,कम्पनीः,1.0897
7504,Skip,छोडना,छोड़ें,0.9345
7505,rectPressureVariance,रेक्टप्रेशरवेरिएंस,रेक्टप्रेशर वैरियंस,1.2390
7544,Games:,खेल:,खेलः,0.9808
7569,< unknown >,< अज्ञात >,<अज्ञात>,1.2840
7611,UNIX2DATE(unixtime),UNIX2DATE(यूनिक्सटाइम),यूनिक्स2डेट (यूनिक्सटाइम),0.9255
7619,Blame...,दोष देना...,दोष...,0.8759
7637,DeepSkyBlue,डीपस्काईब्लू,डीपस्कीब्लू,1.3208
7648,Left-Microphone,बायां माइक्रोफ़ोन,बाएँ-माइक्रोफोन,1.0443
7664,Intervals:,अंतराल:,अंतरालः,1.1955
7671,Ship,जहाज,जहाज़,1.1666
7713,Solid,ठोस,ठोस।,1.3064
7753,observer_,पर्यवेक्षक_,पर्यवेक्षक _,1.3233
7766,Telescope:,दूरबीन:,दूरबीनः,1.2629
7793,Delete '%1 'tag?,'%1 ' टैग हटाएं?,'% 1'टैग हटाएँ?,1.2739
7809,Instant,तुरंत,तत्काल,0.9417
7816,Picture:,चित्र:,तस्वीरः,1.0199
7827,Warning - Cantor,चेतावनी - कैंटर,चेतावनी-कैंटर,1.2949
7828,Wallpapers,वॉलपेपर,वॉलपेपर्स,1.1725
7836,Tails,पूंछ,पूंछ।,1.2891
7857,"File10,","फाइल10,","फाइल 10,",1.2513
7895,Total: %1,कुल: %1,कुलः% 1,1.2536
7904,Nicer,अच्छे,बेहतर।,1.0333
7911,%1% - Thumbnail,%1% - थंबनेल,% 1%-थंबनेल,1.2089
7921,(moderated),(नियंत्रित),(संयमित),1.2281
7942,Green,हरा,हरा।,1.3002
7959,Abstract file:,सारांश फ़ाइल:,सार फ़ाइलः,1.0774
7962,Inactive,निष्क्रिय,निष्क्रियता,1.0793
7963,Middle-East,मध्य पूर्व,मध्य-पूर्व,1.0604
8005,Horizontal:,क्षैतिज:,क्षैतिजः,1.1097
8017,Delete Item?,आइटम हटाएं?,वस्तु हटाएँ?,0.9050
8019,Leader:,नेता:,नेताः,0.9013
8024,Expiration:,समाप्ति:,समाप्तिः,1.2759
8043,Examples:,उदाहरण:,उदाहरण के लिएः,1.0122
8077,Direction:,दिशा:,दिशाः,1.1278
8086,Regularity:,नियमितता:,नियमितताः,1.3095
8099,new_artifact,नया_कलाकृति,नया _ कलाकृति,1.2876
8127,Switzerland,स्विट्ज़रलैंड,स्विट्जरलैंड,0.8991
8138,& Jens. Hoefkens;,एवं जेन्स होएफ़केन्स;,& जेन्स. होफकेन्स;,0.8626
8151,Value:,कीमत:,मूल्यः,0.9178
8156,Copies:,प्रतियां:,प्रतियाँः,1.0804
8157,User_%1,उपयोगकर्ता_%1,उपयोगकर्ता% 1,1.3186
8164,Interface,इंटरफ़ेस,इंटरफेस,1.1125
8165,Create New Project,नया प्रोजेक्ट बनाएं,नई परियोजना बनाएँ,1.2996
8167,Typewriter - \\texttt{},टाइपराइटर - \\texttt{},टाइपराइटर-\\texttt {},1.3061
8211,Acceleration:,त्वरण:,त्वरणः,1.1680
8218,Adverb,क्रिया विशेषण,क्रियाविशेषण,1.2715
8235,Browsing,ब्राउजिंग,ब्राउज़िंग,1.3078
8242,Sierra Leone,सेरा लिओन,सिएरा लियोन,1.2532
8265,Containers,कंटेनरों,कंटेनर,1.2707
8291,Confirmations,पुष्टिकरण,पुष्टिएँ,1.1696
8293,Trails,पगडंडियाँ,पगडंडी,1.1137
8345,Secure:,सुरक्षित:,सुरक्षितः,1.2004
8348,NetBIOS name:,नेटबायोस नाम:,नेटबियोस का नाम हैः,1.2580
8354,Phone,फ़ोन,फोन,1.1825
8355,Start & time:,समय शुरू:,प्रारंभ और समयः,1.0691
8378,LightSkyBlue2,लाइट स्काई ब्लू2,लाइटस्कीब्लू2,0.9507
8379,Channel: %1_,चैनल: %1_,चैनलः% 1 _,1.2810
8431,anonymous,गुमनाम,अनाम,1.0990
8446,Elevation (meters):,ऊंचाई (मीटर में):,ऊँचाई (मीटर):,1.2268
8464,One,एक,एक.,1.2743
8481,Ships: %1,जहाज: %1,जहाज़ः% 1,1.1466
8536,At date/ time:,दिनांक/समय पर:,तिथि/समयः,0.9040
8546,Today:,आज:,आजः,1.0342
8569,Permissions,अनुमतियां,अनुमतियाँ,1.2931
8577,Styles,शैलियों,शैलियाँ,1.3175
8587,Directions,दिशा-निर्देश,दिशा निर्देश,1.1198
8599,outbox:,आउटबॉक्स:,आउटबॉक्सः,1.2266
8605,Greeting:,अभिवादन:,अभिवादनः,1.1896
8640,Encoding:,एन्कोडिंग:,एन्कोडिंगः,1.3146
8666,Output:,आउटपुट:,आउटपुटः,1.2515
8679,Principal,प्रधानाचार्य,प्राचार्य,0.9616
8685,Author:,लेखक:,लेखकः,1.1002
8711,Mono-Microphone,मोनो-माइक्रोफ़ोन,मोनो-माइक्रोफोन,1.3181
8718,Osmanya,ओस्मान्या,उस्मानिया,1.3088
8735,Brightness:,चमक:,चमकः,1.1574
8753,Organization:,संगठन:,संगठनः,1.1030
8757,Templates Projects,टेम्पलेट्स प्रोजेक्ट्स,टेम्पलेट परियोजनाएं,1.1255
8761,Network:,नेटवर्क:,नेटवर्कः,0.9184
8764,Star map:,तारा मानचित्र:,तारों का मानचित्रः,1.0985
8770,Opacity:,अपारदर्शिता:,अपारदर्शिताः,1.0948
8786,Months:,महीने:,महीनेः,1.0051
8793,Description: %1,विवरण: %1,विवरणः% 1,1.2591
8799,Logon script:,लॉगऑन स्क्रिप्ट:,लॉगइन स्क्रिप्टः,1.2249
8826,Issuer:,जारीकर्ता:,जारीकर्ताः,1.2026
8838,Total of %1,कुल %1,कुल% 1,1.2891
8840,True:,सत्य:,सचः,1.2203
8846,Snow,बर्फ,बर्फबारी,1.1621
8849,Gravity:,गुरुत्वाकर्षण:,गुरुत्वाकर्षणः,1.3177
8884,unknown%1,अज्ञात%1,अज्ञात% 1,1.2838
8886,Title:,शीर्षक:,शीर्षकः,1.2063
8895,Usability:,उपयोगिता:,उपयोगिताः,0.8712
8915,Predefined:,पूर्वनिर्धारित:,पूर्वनिर्धारित हैः,1.2557
8932,Telephone,टेलीफ़ोन,टेलीफोन,1.3112
8933,Show statistics,आंकड़े दिखाएं,आँकड़े दिखाएँ,1.3200
8946,Level:,स्तर:,स्तरः,1.0414
8974,Remove Applet,ऐपलेट हटाएं,एप्लेट हटाएँ,1.2769
8977,Simple,सरल,सरल।,1.2944
8978,Create items...,आइटम बनाएं...,वस्तुएँ बनाएँ...,1.1647
8986,Invisible,अदृश्य,अदृश्य।,1.3184
8990,Invitations,आमंत्रण,निमंत्रण,1.3091
9054,Classes,कक्षाओं,कक्षाएँ,1.2217
9058,Republic of Korea,कोरियान गणतन्त्र,कोरिया गणराज्य,1.0762
9061,showLines,शोलाइन्स,शो लाइन्स,1.1818
9072,Microphone,माइक्रोफ़ोन,माइक्रोफोन,1.1789
9090,Background:,पृष्ठभूमि:,पृष्ठभूमिः,1.2972
9119,Hierarchy:,पदानुक्रम:,पदानुक्रमः,1.2832
9135,Asia/ Tel_Aviv,एशिया/ तेल_अवीव,एशिया/तेल अवीव,1.0429
9143,Database Design,डेटाबेस डिज़ाइन,डाटाबेस डिजाइन,1.2496
9156,southwest,दक्षिण पश्चिम,दक्षिण-पश्चिम,0.9810
9163,Elevation,ऊंचाई,ऊँचाई,1.1601
9178,Wake up,जागो,जागो।,1.3176
9186,inertiaVariance,जड़त्व भिन्नता,जड़त्व-भिन्नता,1.2829
9201,Easy,आसान,आसान।,1.2932
9202,Search plugins,खोज प्लगइन्स,प्लगइन खोजें,1.1988
9222,forceVariance,बल भिन्नता,बल-भिन्नता,1.2449
9226,Relevance: %1,प्रासंगिकता: %1,प्रासंगिकताः% 1,1.3102
9227,Date,तारीख,तिथि,1.1769
9234,Unchanged:,अपरिवर्तित:,अपरिवर्तित हैः,1.2620
9236,Glossary,शब्दकोष,शब्दावली,0.9771
9237,Requirements,आवश्यकताएं,आवश्यकताएँ,1.2788
9248,twins,जुड़वाँ,जुड़वां,0.9051
9260,Comment/ Tags:,टिप्पणी/टैग:,टिप्पणी/टैगः,1.3168
9276,Right,सही,सही।,1.3042
9282,Bigger,बड़ा,बड़ा।,1.2769
9285,Walls,दीवारों,दीवारें,1.2367
9301,GPX file:,जीपीएक्स फ़ाइल:,जी. पी. एक्स. फाइलः,0.8515
9303,Language:,भाषा:,भाषाः,1.1938
9319,& Profiles:,और प्रोफाइल:,प्रोफाइलः,1.0165
9325,character %1,वर्ण %1,वर्ण% 1,1.2848
9353,Height,ऊंचाई,ऊँचाई,0.9538
9376,Replacement:,प्रतिस्थापन:,प्रतिस्थापनः,1.0694
9385,Brightness,चमक,चमक।,1.2866
9392,Recursive:,पुनरावर्ती:,पुनरावर्तकः,1.0723
9395,& Profile,& प्रोफ़ाइल,प्रोफाइल,1.0880
9398,Southern,दक्षिण,दक्षिणी,0.8835
9442,Unversioned,अनवर्ज़न्ड,अपरिवर्तित,0.9391
9445,Small,छोटा,छोटा।,1.3053
9447,Big,बड़ा,बड़ा।,1.2976
9450,%A,%ए,% ए,1.3148
9456,"%A (%B, %Y)","%ए (%बी, %वाई)","% A (% B,% Y)",0.9416
9462,"Read,","पढ़ना,","पढ़िए,",1.1705
9469,Change...,परिवर्तन...,बदलाव...,1.2411
9476,Size,आकार,आकार.,1.2480
9479,Permissions,अनुमतियां,अनुमतियाँ,1.2931
9493,Size:,आकार:,आकारः,1.1461
9497,Modified:,संशोधित:,संशोधित किया गयाः,1.0386
9498,Owner:,मालिक:,मालिकः,0.8741
9499,Permissions:,अनुमतियाँ:,अनुमतियाँः,1.2421
9501,Tags:,टैग:,टैग -,1.2811
9502,Comment:,टिप्पणी:,टिप्पणीः,1.1826
9507,stop,रुकना,रुकिए।,1.1224
9525,Select,चुनना,चुनें,0.9869
9545,Location,जगह,स्थान,1.1420
9546,What,क्या,क्या?,1.2775
9611,Stop,रुकना,रुकिए।,1.1408
9612,Stop loading,लोडिंग रोकें,लोड करना बंद करें,0.8964
9627,Places,स्थानों,स्थान,1.1399
9649,Name:,नाम:,नाम -,1.2915
9660,Date:,तारीख:,तारीखः,1.2665
9664,Tag:,टैग:,टैगः,1.2616
9666,Byte,बाइट,बाइटी,0.9590
9669,GByte,जीबीइट,जीबीट,1.2945
9679,Choose...,चुनना...,चुनें...,1.1583
9688,Folders: %1,फ़ोल्डर: %1,फ़ोल्डरः% 1,1.1363
9689,Font:,फ़ॉन्ट:,फ़ॉन्टः,1.2641
9691,Large,बड़ा,बड़ा।,1.3027
9692,Huge,विशाल,विशाल।,1.2408
9695,Arrangement:,व्यवस्था:,व्यवस्थाः,1.0416
9696,Rows,पंक्तियों,पंक्तियाँ,1.1804
9731,Sorting:,छँटाई:,छँटाईः,1.1994
9750,Date,तारीख,तिथि,1.1769
9775,Show tags,टैग्स दिखाएं,टैग दिखाएँ,1.2646
9789,Date,तारीख,तिथि,1.1769
9790,Permissions,अनुमतियां,अनुमतियाँ,1.2931
9803,Album:,एल्बम:,एल्बम -,1.3077
9804,Artist:,कलाकार:,कलाकारः,1.0269
9805,Genre:,शैली:,शैलीः,1.0826
9806,Lines:,पंक्तियाँ:,पंक्तियाँः,1.2466
9807,Title:,शीर्षक:,शीर्षकः,1.2063
9809,Width:,चौड़ाई:,चौड़ाईः,1.2229
9829,Width:,चौड़ाई:,चौड़ाईः,1.2229
9833,Dark,अँधेरा,अंधेरा।,1.2167
9876,%1 (%2),%1 (%2),% 1 (% 2),1.1078
9883,Platform,प्लैटफ़ॉर्म,प्लेटफार्म,0.9650
9904,Daniel Molkentin,डैनियल मोल्केन्टिन,डेनियल मोल्केंटिन,1.2564
9926,Value,कीमत,मूल्य,1.1220
9970,command 'expected.,कमांड 'अपेक्षित'.,कमांड'अपेक्षित।,1.0973
9975,Do Not Delete,हटाना मत,हटाएँ नहीं,1.0932
9982,Stephan Kulow,स्टीफ़न कुलो,स्टीफन कुलोव,1.0618
10007,Display:,प्रदर्शन:,प्रदर्शनः,1.0537
10019,Solid,ठोस,ठोस।,1.3064
10067,Catastrophe!,विपत्ति!,आपदा!,1.0623
10109,About %1,लगभग 1%,लगभग% 1,1.0658
10154,Small,छोटा,छोटा।,1.3053
10168,%1:,%1:,% 1:,1.2902
