system,lang,n_strings,bleu,meteor,chrf,rouge_l,ter,comet,bertscore
indictrans2,bn,10228,33.572026595800565,40.8691615370979,59.92817099812622,3.545595341864542,56.05934388512039,0.891908243522893,0.9105858206748962
indictrans2,hi,10228,33.98869470827922,41.36231263685645,55.71288246365837,8.152360360158163,58.84633673506712,0.8300807771065714,0.8965697288513184
indictrans2,mr,10228,24.511883797890096,33.01802887643419,49.075186547271976,4.563275915360159,69.19159256265158,0.7923937694890382,0.877689003944397
indictrans2,pa,10228,37.889500320575344,41.84896905464409,58.170653243831794,10.786300138855982,56.07628398791541,0.8667243209973088,0.8896159529685974
indictrans2,ta,10228,35.6705898015391,39.909815744151736,61.06733765012445,10.374952737046987,56.024096385542165,0.8953875912223004,0.9034699201583862
indictrans2,te,10228,37.59589143643365,39.7410445777649,58.09585236069318,11.673144176759727,54.41377312419815,0.887992203585282,0.9044204950332642
microsoft_translator,ar,10228,40.317945690543496,44.97845440314172,63.03783939526865,13.744385120308191,47.45296007342818,0.8682471117821344,0.900794506072998
microsoft_translator,bn,10228,44.76221960069126,51.91641772301211,68.24816120705049,5.548595752892815,40.04522194454361,0.9020472591306532,0.9247437715530396
microsoft_translator,de,10228,52.34069209547116,43.94320337593589,71.5204644738354,69.74511103644983,40.832990961380446,0.9053986756408592,0.9248914122581482
microsoft_translator,es,10228,59.54424200404394,63.18245298277861,75.48141998165929,78.13396520201837,28.444126447248603,0.90201684485831,0.9308927059173584
microsoft_translator,fr,10228,52.94453232386808,57.41935775045539,71.73221961448981,77.73834885733079,36.35139467778134,0.8922140859999855,0.9177931547164916
microsoft_translator,hi,10228,54.63624451815943,55.23382619289722,70.36165631680781,9.941856760220643,36.105929258568345,0.8733193333266906,0.9251027703285216
microsoft_translator,ja,10228,43.54201473852577,21.65080314459269,56.42515096692448,17.245342734882296,65.5571752510528,0.896923302365762,0.9116212725639344
microsoft_translator,mr,10228,45.55116123811226,51.23982850048967,66.64514869593857,5.881316087931347,41.39450282942603,0.8636854348451447,0.9241658449172974
microsoft_translator,pa,10228,44.037213023723545,49.55434238626448,66.1041433902085,13.23126076469609,44.720543806646525,0.8940574514577992,0.9227380156517028
microsoft_translator,ta,10228,48.4849510388735,50.0159070851956,70.6666590538511,14.18496994611582,39.48100092678406,0.9196769031705128,0.93352472782135
microsoft_translator,te,10228,44.28727756970631,49.00663998160651,67.66015452277723,14.39759979092746,45.90903447419608,0.9108717583548196,0.9264505505561828
microsoft_translator,zh,10228,62.38117794684275,25.23722449543534,54.12060609979068,16.07967787172111,59.98164295548417,0.8940740103105292,0.891444206237793
nllb200,ar,10228,35.222827171707195,40.74688825228845,55.82972919151812,12.907626015897694,57.20513997246444,0.8551598744693448,0.8900613784790039
nllb200,bn,10228,37.79296536360963,44.36263945682988,60.11055923114515,6.023649937152678,48.78813122297592,0.8959229330899755,0.9173112511634828
nllb200,de,10228,40.83296318201391,35.38637210311096,60.98253477237719,57.47399489401517,66.75225965488907,0.8746173300219086,0.8928200006484985
nllb200,es,10228,49.529450161171845,57.256965684414176,68.6422289604714,70.11878735141991,48.87147131520749,0.8712854094797505,0.904660940170288
nllb200,fr,10228,42.97857270185322,50.530312536549374,65.26757429515692,69.1109825449926,59.2337287592177,0.8567408498917117,0.8953025341033936
nllb200,hi,10228,41.8356860940378,47.3662695690192,60.13811361178845,10.183779679029907,46.270895058341566,0.8541182317553575,0.9126763343811036
nllb200,ja,10228,31.49180425371389,15.122699440202004,44.05574177916343,16.225128177277075,91.19695497246518,0.8610976087799938,0.8803712129592896
nllb200,mr,10228,36.24820785918677,42.78045397650463,56.51061930737768,5.923755140762246,49.83023443815683,0.8382930379021457,0.9051705002784728
nllb200,pa,10228,40.46174520183335,42.8834649348256,57.94980535830292,12.682955061382096,52.65861027190333,0.8686280313851571,0.8906459808349609
nllb200,ta,10228,38.29759234757688,42.54858888587862,60.291573334609375,14.358734297431988,50.26539725334906,0.8983438232848782,0.908486783504486
nllb200,te,10228,37.66236706365598,40.35856393790322,56.76958067392484,14.138513810932665,52.563837271861935,0.8852539572006658,0.9038160443305968
nllb200,zh,10228,42.03566321021367,13.77814214594864,31.919551357253766,10.603229444932726,82.4154811075417,0.8513296077295258,0.8401511907577515
madlad400,de,10228,50.79143906919172,38.97699684417908,65.592350389675,61.37819902897482,59.01294165981923,0.8814163303332703,0.8991031050682068
madlad400,fr,10228,56.83557347779617,54.55303380464041,70.16977990529283,74.89159693226948,43.62616223148445,0.8862594286614346,0.9178847074508668
madlad400,zh,10228,54.127062694193846,22.164393995419488,43.863016625503576,13.873525647170029,69.03013614808016,0.886833446758144,0.8835632801055908
madlad400,es,10228,60.42497916353725,62.20479919050579,73.3095473579578,76.80161531557577,33.540392871081046,0.9009486176903984,0.9272779822349548
madlad400,ja,10228,39.27292513118583,18.862133599450743,52.145170767750585,16.44843279370335,82.9527048914804,0.8794772054855834,0.9004526138305664
madlad400,hi,10228,31.01172149893142,34.56117180723557,49.08246090589397,8.052235203755114,62.77113281392882,0.7953852240082152,0.8756923079490662
madlad400,ar,10228,34.263561294197835,35.23143212236576,52.02835951330336,12.25438530036405,61.61465504053847,0.8394516783318088,0.8762286305427551
madlad400,bn,10228,27.029435714053115,31.526348852572923,48.82156419628259,6.487071552184435,69.07057003451148,0.8523137129327493,0.8860450387001038
madlad400,mr,10228,21.86556414079858,23.662856038410663,38.22566807836862,7.5102385967297565,75.23039611964431,0.7422801725097266,0.8424840569496155
madlad400,pa,10228,30.66841089647805,29.307029675707422,45.93570726851907,16.526250089437085,68.79154078549848,0.834659219319915,0.8778370022773743
madlad400,ta,10228,31.76192845101765,31.05582262960548,49.40223110146889,12.488428441737122,63.72482938747999,0.8532243336918394,0.8804572224617004
madlad400,te,10228,23.446572218304983,22.633629083980814,41.35042811658775,11.835767852383142,74.96999544758515,0.8070010211337671,0.8541414141654968
