system,lang,n_strings,comet,bertscore
microsoft_translator,de,10228,0.9053986756408592,0.9248914122581482
microsoft_translator,fr,10228,0.8922140859999855,0.9177931547164916
microsoft_translator,zh,10228,0.8940740103105292,0.891444206237793
microsoft_translator,es,10228,0.90201684485831,0.9308927059173584
microsoft_translator,ja,10228,0.896923302365762,0.9116212725639344
microsoft_translator,hi,10228,0.8733193333266906,0.9251027703285216
microsoft_translator,ar,10228,0.8682471117821344,0.900794506072998
microsoft_translator,bn,10228,0.9020472591306532,0.9247437715530396
microsoft_translator,mr,10228,0.8636854348451447,0.9241658449172974
microsoft_translator,pa,10228,0.8940574514577992,0.9227380156517028
microsoft_translator,ta,10228,0.9196769031705128,0.93352472782135
microsoft_translator,te,10228,0.9108717583548196,0.9264505505561828
nllb200,de,10228,0.8746173300219086,0.8928200006484985
nllb200,fr,10228,0.8567408498917117,0.8953025341033936
nllb200,zh,10228,0.8513296077295258,0.8401511907577515
nllb200,es,10228,0.8712854094797505,0.904660940170288
nllb200,ja,10228,0.8610976087799938,0.8803712129592896
nllb200,hi,10228,0.8541182317553575,0.9126763343811036
nllb200,ar,10228,0.8551598744693448,0.8900613784790039
nllb200,bn,10228,0.8959229330899755,0.9173112511634828
nllb200,mr,10228,0.8382930379021457,0.9051705002784728
nllb200,pa,10228,0.8686280313851571,0.8906459808349609
nllb200,ta,10228,0.8983438232848782,0.908486783504486
nllb200,te,10228,0.8852539572006658,0.9038160443305968
indictrans2,hi,10228,0.8300807771065714,0.8965697288513184
indictrans2,bn,10228,0.891908243522893,0.9105858206748962
indictrans2,mr,10228,0.7923937694890382,0.877689003944397
indictrans2,pa,10228,0.8667243209973088,0.8896159529685974
indictrans2,ta,10228,0.8953875912223004,0.9034699201583862
indictrans2,te,10228,0.887992203585282,0.9044204950332642
