system,lang,n_strings,bleu,meteor,chrf,rouge_l,ter
microsoft_translator,de,10228,52.34069209547116,43.94320337593589,71.5204644738354,69.74511103644983,40.832990961380446
microsoft_translator,fr,10228,52.94453232386808,57.41935775045539,71.73221961448981,77.73834885733079,36.35139467778134
microsoft_translator,zh,10228,62.38117794684275,25.23722449543534,54.12060609979068,16.07967787172111,59.98164295548417
microsoft_translator,es,10228,59.54424200404394,63.18245298277861,75.48141998165929,78.13396520201837,28.444126447248603
microsoft_translator,ja,10228,43.54201473852577,21.65080314459269,56.42515096692448,17.245342734882296,65.5571752510528
microsoft_translator,hi,10228,54.63624451815943,55.23382619289722,70.36165631680781,9.941856760220643,36.105929258568345
microsoft_translator,ar,10228,40.317945690543496,44.97845440314172,63.03783939526865,13.744385120308191,47.45296007342818
microsoft_translator,bn,10228,44.76221960069126,51.91641772301211,68.24816120705049,5.548595752892815,40.04522194454361
microsoft_translator,mr,10228,45.55116123811226,51.23982850048967,66.64514869593857,5.881316087931347,41.39450282942603
microsoft_translator,pa,10228,44.037213023723545,49.55434238626448,66.1041433902085,13.23126076469609,44.720543806646525
microsoft_translator,ta,10228,48.4849510388735,50.0159070851956,70.6666590538511,14.18496994611582,39.48100092678406
microsoft_translator,te,10228,44.28727756970631,49.00663998160651,67.66015452277723,14.39759979092746,45.90903447419608
nllb200,de,10228,40.83296318201391,35.38637210311096,60.98253477237719,57.47399489401517,66.75225965488907
nllb200,fr,10228,42.97857270185322,50.530312536549374,65.26757429515692,69.1109825449926,59.2337287592177
nllb200,zh,10228,42.03566321021367,13.77814214594864,31.919551357253766,10.603229444932726,82.4154811075417
nllb200,es,10228,49.529450161171845,57.256965684414176,68.6422289604714,70.11878735141991,48.87147131520749
nllb200,ja,10228,31.49180425371389,15.122699440202004,44.05574177916343,16.225128177277075,91.19695497246518
nllb200,hi,10228,41.8356860940378,47.3662695690192,60.13811361178845,10.183779679029907,46.270895058341566
nllb200,ar,10228,35.222827171707195,40.74688825228845,55.82972919151812,12.907626015897694,57.20513997246444
nllb200,bn,10228,37.79296536360963,44.36263945682988,60.11055923114515,6.023649937152678,48.78813122297592
nllb200,mr,10228,36.24820785918677,42.78045397650463,56.51061930737768,5.923755140762246,49.83023443815683
nllb200,pa,10228,40.46174520183335,42.8834649348256,57.94980535830292,12.682955061382096,52.65861027190333
nllb200,ta,10228,38.29759234757688,42.54858888587862,60.291573334609375,14.358734297431988,50.26539725334906
nllb200,te,10228,37.66236706365598,40.35856393790322,56.76958067392484,14.138513810932665,52.563837271861935
indictrans2,hi,10228,33.98869470827922,41.36231263685645,55.71288246365837,8.152360360158163,58.84633673506712
indictrans2,bn,10228,33.572026595800565,40.8691615370979,59.92817099812622,3.545595341864542,56.05934388512039
indictrans2,mr,10228,24.511883797890096,33.01802887643419,49.075186547271976,4.563275915360159,69.19159256265158
indictrans2,pa,10228,37.889500320575344,41.84896905464409,58.170653243831794,10.786300138855982,56.07628398791541
indictrans2,ta,10228,35.6705898015391,39.909815744151736,61.06733765012445,10.374952737046987,56.024096385542165
indictrans2,te,10228,37.59589143643365,39.7410445777649,58.09585236069318,11.673144176759727,54.41377312419815
